"Voter Verified, Inc. v. Election Systems & Software LLC",20-Apr-18,--- F.3d ----,http://lps3.1.next.westlaw.com.libproxy.snu.ac.kr/Document/Ide1c6e0044b311e89d46ed79fb792237/View/FullText.html?navigationPath=Search%2Fv1%2Fresults%2Fnavigation%2Fi0ad74012000001633a8aa173fd455d22%3FNav%3DCUSTOMDIGEST%26fragmentIdentifier%3DIde1c6e0044b311e89d46ed79fb792237%26startIndex%3D401%26contextData%3D%2528sc.CustomDigest%2529%26transitionType%3DCustomDigestItem&listSource=Search&listPageSource=4f7270277591521aff0baebbe1a29e8e&list=CUSTOMDIGEST&rank=422&sessionScopeId=d6ac5fd5e62b12377c022c77403d2edbbb52ee3b908ca7602d7f52226be2a679&originationContext=Custom%20Digest&transitionType=CustomDigestItem&contextData=%28sc.CustomDigest%29#co_anchor_F162044364596,[],"US Patent RE40,449.","['newman', 'lourie', 'reyna']",[]
"Wi-Fi One, LLC v. Broadcom Corporation",20-Apr-18,--- F.3d ----,http://lps3.1.next.westlaw.com.libproxy.snu.ac.kr/Document/Ib3193ad044b311e8a70fc9d8a0b2aef5/View/FullText.html?navigationPath=Search%2Fv1%2Fresults%2Fnavigation%2Fi0ad74012000001633a8d0872fd456043%3FNav%3DCUSTOMDIGEST%26fragmentIdentifier%3DIb3193ad044b311e8a70fc9d8a0b2aef5%26startIndex%3D701%26contextData%3D%2528sc.CustomDigest%2529%26transitionType%3DCustomDigestItem&listSource=Search&listPageSource=26c210012e80dba21f0d0520542dedbf&list=CUSTOMDIGEST&rank=752&sessionScopeId=d6ac5fd5e62b12377c022c77403d2edbbb52ee3b908ca7602d7f52226be2a679&originationContext=Custom%20Digest&transitionType=CustomDigestItem&contextData=%28sc.CustomDigest%29#co_anchor_F122044364589,[],"US Patent 6,772,215.","['bryson', 'dyk']",['reyna']
"Everlight Electronics Co., Ltd v. Nichia Corporation",04-Jan-18,--- Fed.Appx. ----,http://lps3.1.next.westlaw.com.libproxy.snu.ac.kr/Document/Ib6185cf0f1a411e7af08dbc2fa7f734f/View/FullText.html?navigationPath=Search%2Fv1%2Fresults%2Fnavigation%2Fi0ad74012000001633a93fa6dfd45887c%3FNav%3DCUSTOMDIGEST%26fragmentIdentifier%3DIb6185cf0f1a411e7af08dbc2fa7f734f%26startIndex%3D1801%26contextData%3D%2528sc.CustomDigest%2529%26transitionType%3DCustomDigestItem&listSource=Search&listPageSource=3c26f8b014734e3e4189b86c9aa0c090&list=CUSTOMDIGEST&rank=1891&sessionScopeId=d6ac5fd5e62b12377c022c77403d2edbbb52ee3b908ca7602d7f52226be2a679&originationContext=Custom%20Digest&transitionType=CustomDigestItem&contextData=%28sc.CustomDigest%29#co_anchor_F22043546048,[],"US Patent 5,998,925, US Patent 7,531,960.","['hughes', 'chen', 'wallach']",[]
"Liqwd, Inc. v. L?셅r챕al USA, Inc.",16-Jan-18,--- Fed.Appx. ----,http://lps3.1.next.westlaw.com.libproxy.snu.ac.kr/Document/I75204c40fd8811e7818da80a62699cb5/View/FullText.html?navigationPath=Search%2Fv1%2Fresults%2Fnavigation%2Fi0ad74012000001633a9d6359fd45c6ee%3FNav%3DCUSTOMDIGEST%26fragmentIdentifier%3DI75204c40fd8811e7818da80a62699cb5%26startIndex%3D201%26contextData%3D%2528sc.CustomDigest%2529%26transitionType%3DCustomDigestItem&listSource=Search&listPageSource=a8164462241e34f1d8140ef1d4d5ec51&list=CUSTOMDIGEST&rank=276&sessionScopeId=d6ac5fd5e62b12377c022c77403d2edbbb52ee3b908ca7602d7f52226be2a679&originationContext=Custom%20Digest&transitionType=CustomDigestItem&contextData=%28sc.CustomDigest%29#co_anchor_F52043640487,[],[],"['dyk', 'reyna', 'taranto']",[]
"Polymer Indus. Products Co. v. Bridgestone/Firestone, Inc.",13-Mar-01,10 Fed.Appx. 812,http://lps3.1.next.westlaw.com.libproxy.snu.ac.kr/Document/Id4a7826d79a611d9ac1ffa9f33b6c3b0/View/FullText.html?navigationPath=Search%2Fv1%2Fresults%2Fnavigation%2Fi0ad74012000001633a9d6359fd45c6ee%3FNav%3DCUSTOMDIGEST%26fragmentIdentifier%3DId4a7826d79a611d9ac1ffa9f33b6c3b0%26startIndex%3D401%26contextData%3D%2528sc.CustomDigest%2529%26transitionType%3DCustomDigestItem&listSource=Search&listPageSource=a8164462241e34f1d8140ef1d4d5ec51&list=CUSTOMDIGEST&rank=445&sessionScopeId=d6ac5fd5e62b12377c022c77403d2edbbb52ee3b908ca7602d7f52226be2a679&originationContext=Custom%20Digest&transitionType=CustomDigestItem&contextData=%28sc.CustomDigest%29#co_anchor_F62001224622,[],[],"['bryson', 'clevenger', 'schall']",[]
"Research Corp. Technologies, Inc. v. Gensia Laboratories, Inc.",23-Mar-01,10 Fed.Appx. 856,http://lps3.1.next.westlaw.com.libproxy.snu.ac.kr/Document/I4aea6a4979ad11d9bf29e2067ad74e5b/View/FullText.html?navigationPath=Search%2Fv1%2Fresults%2Fnavigation%2Fi0ad74012000001633a9d6359fd45c6ee%3FNav%3DCUSTOMDIGEST%26fragmentIdentifier%3DI4aea6a4979ad11d9bf29e2067ad74e5b%26startIndex%3D601%26contextData%3D%2528sc.CustomDigest%2529%26transitionType%3DCustomDigestItem&listSource=Search&listPageSource=a8164462241e34f1d8140ef1d4d5ec51&list=CUSTOMDIGEST&rank=694&sessionScopeId=d6ac5fd5e62b12377c022c77403d2edbbb52ee3b908ca7602d7f52226be2a679&originationContext=Custom%20Digest&transitionType=CustomDigestItem&contextData=%28sc.CustomDigest%29#co_anchor_F102001244850,[],[],"['lourie', 'gajarsa', 'rader']",[]
"Lencco Racing Co., Inc. v. Jolliffe",26-Mar-01,10 Fed.Appx. 865,http://lps3.1.next.westlaw.com.libproxy.snu.ac.kr/Document/I4aa523e579ad11d9bf29e2067ad74e5b/View/FullText.html?navigationPath=Search%2Fv1%2Fresults%2Fnavigation%2Fi0ad74012000001633a93fa6dfd45887c%3FNav%3DCUSTOMDIGEST%26fragmentIdentifier%3DI4aa523e579ad11d9bf29e2067ad74e5b%26startIndex%3D2801%26contextData%3D%2528sc.CustomDigest%2529%26transitionType%3DCustomDigestItem&listSource=Search&listPageSource=3c26f8b014734e3e4189b86c9aa0c090&list=CUSTOMDIGEST&rank=2813&sessionScopeId=d6ac5fd5e62b12377c022c77403d2edbbb52ee3b908ca7602d7f52226be2a679&originationContext=Custom%20Digest&transitionType=CustomDigestItem&contextData=%28sc.CustomDigest%29#co_anchor_F22001255577,[],[],"['schall', 'dyk', 'rader']",[]
"Animatics Corp. v. Quicksilver Controls, Inc.",08-Jun-04,102 Fed.Appx. 659,http://lps3.1.next.westlaw.com.libproxy.snu.ac.kr/Document/I99c326508b9d11d99dcc8cc3e68b51e9/View/FullText.html?navigationPath=Search%2Fv1%2Fresults%2Fnavigation%2Fi0ad74012000001633a8d0872fd456043%3FNav%3DCUSTOMDIGEST%26fragmentIdentifier%3DI99c326508b9d11d99dcc8cc3e68b51e9%26startIndex%3D1001%26contextData%3D%2528sc.CustomDigest%2529%26transitionType%3DCustomDigestItem&listSource=Search&listPageSource=26c210012e80dba21f0d0520542dedbf&list=CUSTOMDIGEST&rank=1098&sessionScopeId=d6ac5fd5e62b12377c022c77403d2edbbb52ee3b908ca7602d7f52226be2a679&originationContext=Custom%20Digest&transitionType=CustomDigestItem&contextData=%28sc.CustomDigest%29#co_anchor_F72004611685,[],[],"['schall', 'mayer', 'linn']",[]
"Micro Chemical, Inc. v. Great Plains Chemical Co., Inc.",03-Jan-97,103 F.3d 1538,http://lps3.1.next.westlaw.com.libproxy.snu.ac.kr/Document/I684a0f39940d11d993e6d35cc61aab4a/View/FullText.html?navigationPath=Search%2Fv1%2Fresults%2Fnavigation%2Fi0ad74012000001633a93fa6dfd45887c%3FNav%3DCUSTOMDIGEST%26fragmentIdentifier%3DI684a0f39940d11d993e6d35cc61aab4a%26startIndex%3D3401%26contextData%3D%2528sc.CustomDigest%2529%26transitionType%3DCustomDigestItem&listSource=Search&listPageSource=3c26f8b014734e3e4189b86c9aa0c090&list=CUSTOMDIGEST&rank=3434&sessionScopeId=d6ac5fd5e62b12377c022c77403d2edbbb52ee3b908ca7602d7f52226be2a679&originationContext=Custom%20Digest&transitionType=CustomDigestItem&contextData=%28sc.CustomDigest%29#co_anchor_F41997023623,"US Patent 4,733,971.",[],"['mayer', 'lourie', 'archer']",[]
"U.S. Surgical Corp. v. Ethicon, Inc.",03-Jan-97,103 F.3d 1554,http://lps3.1.next.westlaw.com.libproxy.snu.ac.kr/Document/I6849e82b940d11d993e6d35cc61aab4a/View/FullText.html?navigationPath=Search%2Fv1%2Fresults%2Fnavigation%2Fi0ad74012000001633a93fa6dfd45887c%3FNav%3DCUSTOMDIGEST%26fragmentIdentifier%3DI6849e82b940d11d993e6d35cc61aab4a%26startIndex%3D301%26contextData%3D%2528sc.CustomDigest%2529%26transitionType%3DCustomDigestItem&listSource=Search&listPageSource=3c26f8b014734e3e4189b86c9aa0c090&list=CUSTOMDIGEST&rank=390&sessionScopeId=d6ac5fd5e62b12377c022c77403d2edbbb52ee3b908ca7602d7f52226be2a679&originationContext=Custom%20Digest&transitionType=CustomDigestItem&contextData=%28sc.CustomDigest%29#co_anchor_F61997023625,[],"US Patent 5,084,057, US Patent 5,100,420.","['newman', 'bennett', 'rader']",[]
"Wang Laboratories, Inc. v. Mitsubishi Electronics America, Inc.",03-Jan-97,103 F.3d 1571,http://lps3.1.next.westlaw.com.libproxy.snu.ac.kr/Document/I68486183940d11d993e6d35cc61aab4a/View/FullText.html?navigationPath=Search%2Fv1%2Fresults%2Fnavigation%2Fi0ad74012000001633a93fa6dfd45887c%3FNav%3DCUSTOMDIGEST%26fragmentIdentifier%3DI68486183940d11d993e6d35cc61aab4a%26startIndex%3D1701%26contextData%3D%2528sc.CustomDigest%2529%26transitionType%3DCustomDigestItem&listSource=Search&listPageSource=3c26f8b014734e3e4189b86c9aa0c090&list=CUSTOMDIGEST&rank=1779&sessionScopeId=d6ac5fd5e62b12377c022c77403d2edbbb52ee3b908ca7602d7f52226be2a679&originationContext=Custom%20Digest&transitionType=CustomDigestItem&contextData=%28sc.CustomDigest%29#co_anchor_F191997024437,"US Patent 4,656,605, US Patent 4,727,513.",[],"['schall', 'mayer', 'rich']",[]
"VLT, Inc. v. Artesyn Technologies, Inc.",24-May-04,103 Fed.Appx. 356,http://lps3.1.next.westlaw.com.libproxy.snu.ac.kr/Document/Ibb781c3e8b9111d99dcc8cc3e68b51e9/View/FullText.html?navigationPath=Search%2Fv1%2Fresults%2Fnavigation%2Fi0ad74012000001633a9d6359fd45c6ee%3FNav%3DCUSTOMDIGEST%26fragmentIdentifier%3DIbb781c3e8b9111d99dcc8cc3e68b51e9%26startIndex%3D401%26contextData%3D%2528sc.CustomDigest%2529%26transitionType%3DCustomDigestItem&listSource=Search&listPageSource=a8164462241e34f1d8140ef1d4d5ec51&list=CUSTOMDIGEST&rank=419&sessionScopeId=d6ac5fd5e62b12377c022c77403d2edbbb52ee3b908ca7602d7f52226be2a679&originationContext=Custom%20Digest&transitionType=CustomDigestItem&contextData=%28sc.CustomDigest%29#co_anchor_F42004532137,"US Patent RE36,098.",[],"['lourie', 'plager', 'prost']",[]
"Valmet Paper Machinery, Inc. v. Beloit Corp.",28-Jan-97,105 F.3d 1409,http://lps3.1.next.westlaw.com.libproxy.snu.ac.kr/Document/I240ad419940f11d993e6d35cc61aab4a/View/FullText.html?navigationPath=Search%2Fv1%2Fresults%2Fnavigation%2Fi0ad74012000001633a93fa6dfd45887c%3FNav%3DCUSTOMDIGEST%26fragmentIdentifier%3DI240ad419940f11d993e6d35cc61aab4a%26startIndex%3D3401%26contextData%3D%2528sc.CustomDigest%2529%26transitionType%3DCustomDigestItem&listSource=Search&listPageSource=3c26f8b014734e3e4189b86c9aa0c090&list=CUSTOMDIGEST&rank=3433&sessionScopeId=d6ac5fd5e62b12377c022c77403d2edbbb52ee3b908ca7602d7f52226be2a679&originationContext=Custom%20Digest&transitionType=CustomDigestItem&contextData=%28sc.CustomDigest%29#co_anchor_F11997040109,[],[],"['bryson', 'lourie', 'rich']",[]
"J.T. Eaton & Co., Inc. v. Atlantic Paste & Glue Co.",11-Feb-97,106 F.3d 1563,http://lps3.1.next.westlaw.com.libproxy.snu.ac.kr/Document/I1e636461941311d9bdd1cfdd544ca3a4/View/FullText.html?navigationPath=Search%2Fv1%2Fresults%2Fnavigation%2Fi0ad74012000001633a93fa6dfd45887c%3FNav%3DCUSTOMDIGEST%26fragmentIdentifier%3DI1e636461941311d9bdd1cfdd544ca3a4%26startIndex%3D1301%26contextData%3D%2528sc.CustomDigest%2529%26transitionType%3DCustomDigestItem&listSource=Search&listPageSource=3c26f8b014734e3e4189b86c9aa0c090&list=CUSTOMDIGEST&rank=1350&sessionScopeId=d6ac5fd5e62b12377c022c77403d2edbbb52ee3b908ca7602d7f52226be2a679&originationContext=Custom%20Digest&transitionType=CustomDigestItem&contextData=%28sc.CustomDigest%29#co_anchor_F51997051096,[],[],"['clevenger', 'rich']",['rader']
Kolmes v. World Fibers Corp.,24-Feb-97,107 F.3d 1534,http://lps3.1.next.westlaw.com.libproxy.snu.ac.kr/Document/I76ca9e2a941311d9bdd1cfdd544ca3a4/View/FullText.html?navigationPath=Search%2Fv1%2Fresults%2Fnavigation%2Fi0ad74012000001633a93fa6dfd45887c%3FNav%3DCUSTOMDIGEST%26fragmentIdentifier%3DI76ca9e2a941311d9bdd1cfdd544ca3a4%26startIndex%3D1701%26contextData%3D%2528sc.CustomDigest%2529%26transitionType%3DCustomDigestItem&listSource=Search&listPageSource=3c26f8b014734e3e4189b86c9aa0c090&list=CUSTOMDIGEST&rank=1709&sessionScopeId=d6ac5fd5e62b12377c022c77403d2edbbb52ee3b908ca7602d7f52226be2a679&originationContext=Custom%20Digest&transitionType=CustomDigestItem&contextData=%28sc.CustomDigest%29#co_anchor_F91997056353,[],[],"['friedman', 'lourie', 'rader']",[]
"Lockwood v. American Airlines, Inc.",04-Mar-97,107 F.3d 1565,http://lps3.1.next.westlaw.com.libproxy.snu.ac.kr/Document/I76a3dc48941311d9bdd1cfdd544ca3a4/View/FullText.html?navigationPath=Search%2Fv1%2Fresults%2Fnavigation%2Fi0ad74012000001633a93fa6dfd45887c%3FNav%3DCUSTOMDIGEST%26fragmentIdentifier%3DI76a3dc48941311d9bdd1cfdd544ca3a4%26startIndex%3D3401%26contextData%3D%2528sc.CustomDigest%2529%26transitionType%3DCustomDigestItem&listSource=Search&listPageSource=3c26f8b014734e3e4189b86c9aa0c090&list=CUSTOMDIGEST&rank=3432&sessionScopeId=d6ac5fd5e62b12377c022c77403d2edbbb52ee3b908ca7602d7f52226be2a679&originationContext=Custom%20Digest&transitionType=CustomDigestItem&contextData=%28sc.CustomDigest%29#co_anchor_F21997062584,[],[],"['mayer', 'lourie', 'rader']",[]
"Fisher-Price, Inc. v. Safety 1st, Inc.",16-Aug-04,109 Fed.Appx. 387,http://lps3.1.next.westlaw.com.libproxy.snu.ac.kr/Document/I0f69fbad8bac11d99a6fdc806bf1638e/View/FullText.html?navigationPath=Search%2Fv1%2Fresults%2Fnavigation%2Fi0ad74012000001633a8d0872fd456043%3FNav%3DCUSTOMDIGEST%26fragmentIdentifier%3DI0f69fbad8bac11d99a6fdc806bf1638e%26startIndex%3D2101%26contextData%3D%2528sc.CustomDigest%2529%26transitionType%3DCustomDigestItem&listSource=Search&listPageSource=26c210012e80dba21f0d0520542dedbf&list=CUSTOMDIGEST&rank=2144&sessionScopeId=d6ac5fd5e62b12377c022c77403d2edbbb52ee3b908ca7602d7f52226be2a679&originationContext=Custom%20Digest&transitionType=CustomDigestItem&contextData=%28sc.CustomDigest%29#co_anchor_F12004974238,[],[],"['schall', 'prost', 'michel']",[]
Gambro Lundia AB v. Baxter Healthcare Corp.,08-Apr-97,110 F.3d 1573,http://lps3.1.next.westlaw.com.libproxy.snu.ac.kr/Document/I301e686d941a11d9bdd1cfdd544ca3a4/View/FullText.html?navigationPath=Search%2Fv1%2Fresults%2Fnavigation%2Fi0ad74012000001633a93fa6dfd45887c%3FNav%3DCUSTOMDIGEST%26fragmentIdentifier%3DI301e686d941a11d9bdd1cfdd544ca3a4%26startIndex%3D2401%26contextData%3D%2528sc.CustomDigest%2529%26transitionType%3DCustomDigestItem&listSource=Search&listPageSource=3c26f8b014734e3e4189b86c9aa0c090&list=CUSTOMDIGEST&rank=2435&sessionScopeId=d6ac5fd5e62b12377c022c77403d2edbbb52ee3b908ca7602d7f52226be2a679&originationContext=Custom%20Digest&transitionType=CustomDigestItem&contextData=%28sc.CustomDigest%29#co_anchor_F91997087242,[],[],"['lourie', 'rader', 'archer']",[]
"Aspex Eyewear, Inc. v. Concepts In Optics, Inc.",12-Aug-04,111 Fed.Appx. 582,http://lps3.1.next.westlaw.com.libproxy.snu.ac.kr/Document/I350debb18bb011d99dcc8cc3e68b51e9/View/FullText.html?navigationPath=Search%2Fv1%2Fresults%2Fnavigation%2Fi0ad74012000001633a8d0872fd456043%3FNav%3DCUSTOMDIGEST%26fragmentIdentifier%3DI350debb18bb011d99dcc8cc3e68b51e9%26startIndex%3D1201%26contextData%3D%2528sc.CustomDigest%2529%26transitionType%3DCustomDigestItem&listSource=Search&listPageSource=26c210012e80dba21f0d0520542dedbf&list=CUSTOMDIGEST&rank=1235&sessionScopeId=d6ac5fd5e62b12377c022c77403d2edbbb52ee3b908ca7602d7f52226be2a679&originationContext=Custom%20Digest&transitionType=CustomDigestItem&contextData=%28sc.CustomDigest%29#co_anchor_F12004974241,[],[],"['schall', 'dyk', 'michel']",[]
"Robotic Vision Systems, Inc. v. View Engineering, Inc.",01-May-97,112 F.3d 1163,http://lps3.1.next.westlaw.com.libproxy.snu.ac.kr/Document/I0c591f30941d11d9bdd1cfdd544ca3a4/View/FullText.html?navigationPath=Search%2Fv1%2Fresults%2Fnavigation%2Fi0ad74012000001633a8d0872fd456043%3FNav%3DCUSTOMDIGEST%26fragmentIdentifier%3DI0c591f30941d11d9bdd1cfdd544ca3a4%26startIndex%3D2101%26contextData%3D%2528sc.CustomDigest%2529%26transitionType%3DCustomDigestItem&listSource=Search&listPageSource=26c210012e80dba21f0d0520542dedbf&list=CUSTOMDIGEST&rank=2163&sessionScopeId=d6ac5fd5e62b12377c022c77403d2edbbb52ee3b908ca7602d7f52226be2a679&originationContext=Custom%20Digest&transitionType=CustomDigestItem&contextData=%28sc.CustomDigest%29#co_anchor_F61997101702,[],[],"['clevenger', 'lourie', 'rader']",[]
Rowe v. Dror,21-Apr-97,112 F.3d 473,http://lps3.1.next.westlaw.com.libproxy.snu.ac.kr/Document/I2ffb500a941a11d9bdd1cfdd544ca3a4/View/FullText.html?navigationPath=Search%2Fv1%2Fresults%2Fnavigation%2Fi0ad74012000001633a8d0872fd456043%3FNav%3DCUSTOMDIGEST%26fragmentIdentifier%3DI2ffb500a941a11d9bdd1cfdd544ca3a4%26startIndex%3D801%26contextData%3D%2528sc.CustomDigest%2529%26transitionType%3DCustomDigestItem&listSource=Search&listPageSource=26c210012e80dba21f0d0520542dedbf&list=CUSTOMDIGEST&rank=879&sessionScopeId=d6ac5fd5e62b12377c022c77403d2edbbb52ee3b908ca7602d7f52226be2a679&originationContext=Custom%20Digest&transitionType=CustomDigestItem&contextData=%28sc.CustomDigest%29#co_anchor_F131997094308,[],[],"['friedman', 'lourie', 'rader']",[]
"Slip Track Systems, Inc. v. Metal Lite, Inc.",01-Dec-04,113 Fed.Appx. 930,http://lps3.1.next.westlaw.com.libproxy.snu.ac.kr/Document/Ic05a70608a8b11d9af17b5c9441c4c47/View/FullText.html?navigationPath=Search%2Fv1%2Fresults%2Fnavigation%2Fi0ad74012000001633a89ff08fd4559d7%3FNav%3DCUSTOMDIGEST%26fragmentIdentifier%3DIc05a70608a8b11d9af17b5c9441c4c47%26startIndex%3D1%26contextData%3D%2528sc.CustomDigest%2529%26transitionType%3DCustomDigestItem&listSource=Search&listPageSource=af19e994433e70ed7d5cc2a23e73764b&list=CUSTOMDIGEST&rank=85&sessionScopeId=d6ac5fd5e62b12377c022c77403d2edbbb52ee3b908ca7602d7f52226be2a679&originationContext=Custom%20Digest&transitionType=CustomDigestItem&contextData=%28sc.CustomDigest%29#co_anchor_F22005632500,[],[],"['friedman', 'schall']",['newman']
Harris Corp. v. IXYS Corp.,10-Jun-97,114 F.3d 1149,http://lps3.1.next.westlaw.com.libproxy.snu.ac.kr/Document/Idcac95f6942111d9a707f4371c9c34f0/View/FullText.html?navigationPath=Search%2Fv1%2Fresults%2Fnavigation%2Fi0ad74012000001633a8d0872fd456043%3FNav%3DCUSTOMDIGEST%26fragmentIdentifier%3DIdcac95f6942111d9a707f4371c9c34f0%26startIndex%3D401%26contextData%3D%2528sc.CustomDigest%2529%26transitionType%3DCustomDigestItem&listSource=Search&listPageSource=26c210012e80dba21f0d0520542dedbf&list=CUSTOMDIGEST&rank=496&sessionScopeId=d6ac5fd5e62b12377c022c77403d2edbbb52ee3b908ca7602d7f52226be2a679&originationContext=Custom%20Digest&transitionType=CustomDigestItem&contextData=%28sc.CustomDigest%29#co_anchor_F31997124445,[],"US Patent 4,364,073.","['newman', 'bryson', 'archer']",[]
Gechter v. Davidson,12-Jun-97,116 F.3d 1454,http://lps3.1.next.westlaw.com.libproxy.snu.ac.kr/Document/Idc9d2ca6942111d9a707f4371c9c34f0/View/FullText.html?navigationPath=Search%2Fv1%2Fresults%2Fnavigation%2Fi0ad74012000001633a8d0872fd456043%3FNav%3DCUSTOMDIGEST%26fragmentIdentifier%3DIdc9d2ca6942111d9a707f4371c9c34f0%26startIndex%3D301%26contextData%3D%2528sc.CustomDigest%2529%26transitionType%3DCustomDigestItem&listSource=Search&listPageSource=26c210012e80dba21f0d0520542dedbf&list=CUSTOMDIGEST&rank=333&sessionScopeId=d6ac5fd5e62b12377c022c77403d2edbbb52ee3b908ca7602d7f52226be2a679&originationContext=Custom%20Digest&transitionType=CustomDigestItem&contextData=%28sc.CustomDigest%29#co_anchor_F21997126427,[],[],"['schall', 'lourie', 'michel']",[]
"Jore Corp. v. Kouvato, Inc.",07-Jan-05,117 Fed.Appx. 761,http://lps3.1.next.westlaw.com.libproxy.snu.ac.kr/Document/Ia4a3c0718bca11d98aaaa007097b7893/View/FullText.html?navigationPath=Search%2Fv1%2Fresults%2Fnavigation%2Fi0ad74012000001633a93fa6dfd45887c%3FNav%3DCUSTOMDIGEST%26fragmentIdentifier%3DIa4a3c0718bca11d98aaaa007097b7893%26startIndex%3D1101%26contextData%3D%2528sc.CustomDigest%2529%26transitionType%3DCustomDigestItem&listSource=Search&listPageSource=3c26f8b014734e3e4189b86c9aa0c090&list=CUSTOMDIGEST&rank=1198&sessionScopeId=d6ac5fd5e62b12377c022c77403d2edbbb52ee3b908ca7602d7f52226be2a679&originationContext=Custom%20Digest&transitionType=CustomDigestItem&contextData=%28sc.CustomDigest%29#co_anchor_F72005907749,[],"US Patent D419,575.","['bryson', 'friedman', 'lourie']",[]
"Arkie Lures, Inc. v. Gene Larew Tackle, Inc.",08-Jul-97,119 F.3d 953,http://lps3.1.next.westlaw.com.libproxy.snu.ac.kr/Document/I626318fb942611d9bc61beebb95be672/View/FullText.html?navigationPath=Search%2Fv1%2Fresults%2Fnavigation%2Fi0ad74012000001633a93fa6dfd45887c%3FNav%3DCUSTOMDIGEST%26fragmentIdentifier%3DI626318fb942611d9bc61beebb95be672%26startIndex%3D1401%26contextData%3D%2528sc.CustomDigest%2529%26transitionType%3DCustomDigestItem&listSource=Search&listPageSource=3c26f8b014734e3e4189b86c9aa0c090&list=CUSTOMDIGEST&rank=1493&sessionScopeId=d6ac5fd5e62b12377c022c77403d2edbbb52ee3b908ca7602d7f52226be2a679&originationContext=Custom%20Digest&transitionType=CustomDigestItem&contextData=%28sc.CustomDigest%29#co_anchor_F11997143295,[],[],"['newman', 'archer']",['michel']
"Teleflex, Inc. v. KSR Intern. Co.",06-Jan-05,119 Fed.Appx. 282,http://lps3.1.next.westlaw.com.libproxy.snu.ac.kr/Document/I1786194679eb11d98c82a53fc8ac8757/View/FullText.html?navigationPath=Search%2Fv1%2Fresults%2Fnavigation%2Fi0ad74012000001633a93fa6dfd45887c%3FNav%3DCUSTOMDIGEST%26fragmentIdentifier%3DI1786194679eb11d98c82a53fc8ac8757%26startIndex%3D1501%26contextData%3D%2528sc.CustomDigest%2529%26transitionType%3DCustomDigestItem&listSource=Search&listPageSource=3c26f8b014734e3e4189b86c9aa0c090&list=CUSTOMDIGEST&rank=1535&sessionScopeId=d6ac5fd5e62b12377c022c77403d2edbbb52ee3b908ca7602d7f52226be2a679&originationContext=Custom%20Digest&transitionType=CustomDigestItem&contextData=%28sc.CustomDigest%29#co_anchor_F12005903291,[],[],['prost'],[]
Freeman v. Gerber Products Co.,06-Jan-05,120 Fed.Appx. 322,http://lps3.1.next.westlaw.com.libproxy.snu.ac.kr/Document/Ief0807b281a811d98250a659c8eb7399/View/FullText.html?navigationPath=Search%2Fv1%2Fresults%2Fnavigation%2Fi0ad74012000001633a9d6359fd45c6ee%3FNav%3DCUSTOMDIGEST%26fragmentIdentifier%3DIef0807b281a811d98250a659c8eb7399%26startIndex%3D401%26contextData%3D%2528sc.CustomDigest%2529%26transitionType%3DCustomDigestItem&listSource=Search&listPageSource=a8164462241e34f1d8140ef1d4d5ec51&list=CUSTOMDIGEST&rank=416&sessionScopeId=d6ac5fd5e62b12377c022c77403d2edbbb52ee3b908ca7602d7f52226be2a679&originationContext=Custom%20Digest&transitionType=CustomDigestItem&contextData=%28sc.CustomDigest%29#co_anchor_F12005903290,"US Patent 5,186,347.",[],"['schall', 'michel']",[]
"Rosco, Inc. v. Mirror Lite Co.",19-Jan-05,120 Fed.Appx. 832,http://lps3.1.next.westlaw.com.libproxy.snu.ac.kr/Document/I9ef49f8a7f6011d98c82a53fc8ac8757/View/FullText.html?navigationPath=Search%2Fv1%2Fresults%2Fnavigation%2Fi0ad74012000001633a93fa6dfd45887c%3FNav%3DCUSTOMDIGEST%26fragmentIdentifier%3DI9ef49f8a7f6011d98c82a53fc8ac8757%26startIndex%3D2501%26contextData%3D%2528sc.CustomDigest%2529%26transitionType%3DCustomDigestItem&listSource=Search&listPageSource=3c26f8b014734e3e4189b86c9aa0c090&list=CUSTOMDIGEST&rank=2503&sessionScopeId=d6ac5fd5e62b12377c022c77403d2edbbb52ee3b908ca7602d7f52226be2a679&originationContext=Custom%20Digest&transitionType=CustomDigestItem&contextData=%28sc.CustomDigest%29#co_anchor_F42005998115,"US Patent 5,589,984.",[],"['clevenger', 'dyk', 'rader']",[]
"Motorola, Inc. v. Interdigital Technology Corp.",30-Jul-97,121 F.3d 1461,http://lps3.1.next.westlaw.com.libproxy.snu.ac.kr/Document/I99d50461942711d993e6d35cc61aab4a/View/FullText.html?navigationPath=Search%2Fv1%2Fresults%2Fnavigation%2Fi0ad74012000001633a93fa6dfd45887c%3FNav%3DCUSTOMDIGEST%26fragmentIdentifier%3DI99d50461942711d993e6d35cc61aab4a%26startIndex%3D2801%26contextData%3D%2528sc.CustomDigest%2529%26transitionType%3DCustomDigestItem&listSource=Search&listPageSource=3c26f8b014734e3e4189b86c9aa0c090&list=CUSTOMDIGEST&rank=2823&sessionScopeId=d6ac5fd5e62b12377c022c77403d2edbbb52ee3b908ca7602d7f52226be2a679&originationContext=Custom%20Digest&transitionType=CustomDigestItem&contextData=%28sc.CustomDigest%29#co_anchor_F151997162427,"US Patent 4,817,089, US Patent 4,921,705, US Patent 5,119,375.",[],"['plager', 'rader', 'archer']",[]
"Hupp v. Siroflex of America, Inc.",04-Sep-97,122 F.3d 1456,http://lps3.1.next.westlaw.com.libproxy.snu.ac.kr/Document/I6556e0bb942a11d993e6d35cc61aab4a/View/FullText.html?navigationPath=Search%2Fv1%2Fresults%2Fnavigation%2Fi0ad74012000001633a8d0872fd456043%3FNav%3DCUSTOMDIGEST%26fragmentIdentifier%3DI6556e0bb942a11d993e6d35cc61aab4a%26startIndex%3D2001%26contextData%3D%2528sc.CustomDigest%2529%26transitionType%3DCustomDigestItem&listSource=Search&listPageSource=26c210012e80dba21f0d0520542dedbf&list=CUSTOMDIGEST&rank=2008&sessionScopeId=d6ac5fd5e62b12377c022c77403d2edbbb52ee3b908ca7602d7f52226be2a679&originationContext=Custom%20Digest&transitionType=CustomDigestItem&contextData=%28sc.CustomDigest%29#co_anchor_F71997183888,"US Patent D342,528.",[],"['newman', 'clevenger', 'smith']",[]
Richardson-Vicks Inc. v. Upjohn Co.,26-Sep-97,122 F.3d 1476,http://lps3.1.next.westlaw.com.libproxy.snu.ac.kr/Document/I7848d053942c11d9a707f4371c9c34f0/View/FullText.html?navigationPath=Search%2Fv1%2Fresults%2Fnavigation%2Fi0ad74012000001633a93fa6dfd45887c%3FNav%3DCUSTOMDIGEST%26fragmentIdentifier%3DI7848d053942c11d9a707f4371c9c34f0%26startIndex%3D2201%26contextData%3D%2528sc.CustomDigest%2529%26transitionType%3DCustomDigestItem&listSource=Search&listPageSource=3c26f8b014734e3e4189b86c9aa0c090&list=CUSTOMDIGEST&rank=2227&sessionScopeId=d6ac5fd5e62b12377c022c77403d2edbbb52ee3b908ca7602d7f52226be2a679&originationContext=Custom%20Digest&transitionType=CustomDigestItem&contextData=%28sc.CustomDigest%29#co_anchor_F51997200571,[],"US Patent 4,552,899.","['plager', 'michel', 'archer']",[]
"ISCO Intern., Inc. v. Conductus, Inc.",03-Feb-05,123 Fed.Appx. 974,http://lps3.1.next.westlaw.com.libproxy.snu.ac.kr/Document/I928aca08796411d98c82a53fc8ac8757/View/FullText.html?navigationPath=Search%2Fv1%2Fresults%2Fnavigation%2Fi0ad74012000001633a93fa6dfd45887c%3FNav%3DCUSTOMDIGEST%26fragmentIdentifier%3DI928aca08796411d98c82a53fc8ac8757%26startIndex%3D3001%26contextData%3D%2528sc.CustomDigest%2529%26transitionType%3DCustomDigestItem&listSource=Search&listPageSource=3c26f8b014734e3e4189b86c9aa0c090&list=CUSTOMDIGEST&rank=3060&sessionScopeId=d6ac5fd5e62b12377c022c77403d2edbbb52ee3b908ca7602d7f52226be2a679&originationContext=Custom%20Digest&transitionType=CustomDigestItem&contextData=%28sc.CustomDigest%29#co_anchor_F42006185094,[],"US Patent 6,263,215.","['lourie', 'prost', 'archer']",[]
"Pfaff v. Wells Electronics, Inc.",08-Sep-97,124 F.3d 1429,http://lps3.1.next.westlaw.com.libproxy.snu.ac.kr/Document/I655448b3942a11d993e6d35cc61aab4a/View/FullText.html?navigationPath=Search%2Fv1%2Fresults%2Fnavigation%2Fi0ad74012000001633a93fa6dfd45887c%3FNav%3DCUSTOMDIGEST%26fragmentIdentifier%3DI655448b3942a11d993e6d35cc61aab4a%26startIndex%3D2501%26contextData%3D%2528sc.CustomDigest%2529%26transitionType%3DCustomDigestItem&listSource=Search&listPageSource=3c26f8b014734e3e4189b86c9aa0c090&list=CUSTOMDIGEST&rank=2582&sessionScopeId=d6ac5fd5e62b12377c022c77403d2edbbb52ee3b908ca7602d7f52226be2a679&originationContext=Custom%20Digest&transitionType=CustomDigestItem&contextData=%28sc.CustomDigest%29#co_anchor_F131997184785,[],"US Patent 4,491,377.","['schall', 'plager', 'archer']",[]
"Evans Cooling Systems, Inc. v. General Motors Corp.",16-Sep-97,125 F.3d 1448,http://lps3.1.next.westlaw.com.libproxy.snu.ac.kr/Document/Ibb84ed7b8b9111d99dcc8cc3e68b51e9/View/FullText.html?navigationPath=Search%2Fv1%2Fresults%2Fnavigation%2Fi0ad74012000001633a8d0872fd456043%3FNav%3DCUSTOMDIGEST%26fragmentIdentifier%3DIbb84ed7b8b9111d99dcc8cc3e68b51e9%26startIndex%3D2101%26contextData%3D%2528sc.CustomDigest%2529%26transitionType%3DCustomDigestItem&listSource=Search&listPageSource=26c210012e80dba21f0d0520542dedbf&list=CUSTOMDIGEST&rank=2117&sessionScopeId=d6ac5fd5e62b12377c022c77403d2edbbb52ee3b908ca7602d7f52226be2a679&originationContext=Custom%20Digest&transitionType=CustomDigestItem&contextData=%28sc.CustomDigest%29#co_anchor_F51997191176,[],"US Patent 5,255,636.","['lourie', 'michel', 'archer']",[]
Hazani v. U.S. Intern. Trade Com'n,14-Oct-97,126 F.3d 1473,http://lps3.1.next.westlaw.com.libproxy.snu.ac.kr/Document/I782c209a942c11d9a707f4371c9c34f0/View/FullText.html?navigationPath=Search%2Fv1%2Fresults%2Fnavigation%2Fi0ad74012000001633a8d0872fd456043%3FNav%3DCUSTOMDIGEST%26fragmentIdentifier%3DI782c209a942c11d9a707f4371c9c34f0%26startIndex%3D1201%26contextData%3D%2528sc.CustomDigest%2529%26transitionType%3DCustomDigestItem&listSource=Search&listPageSource=26c210012e80dba21f0d0520542dedbf&list=CUSTOMDIGEST&rank=1226&sessionScopeId=d6ac5fd5e62b12377c022c77403d2edbbb52ee3b908ca7602d7f52226be2a679&originationContext=Custom%20Digest&transitionType=CustomDigestItem&contextData=%28sc.CustomDigest%29#co_anchor_F41997207103,[],"US Patent 5,166,904.","['bryson', 'plager', 'schall']",[]
"Ultradent Products, Inc. v. Life-Like Cosmetics, Inc.",10-Oct-97,127 F.3d 1065,http://lps3.1.next.westlaw.com.libproxy.snu.ac.kr/Document/I7832d75f942c11d9a707f4371c9c34f0/View/FullText.html?navigationPath=Search%2Fv1%2Fresults%2Fnavigation%2Fi0ad74012000001633a8d0872fd456043%3FNav%3DCUSTOMDIGEST%26fragmentIdentifier%3DI7832d75f942c11d9a707f4371c9c34f0%26startIndex%3D801%26contextData%3D%2528sc.CustomDigest%2529%26transitionType%3DCustomDigestItem&listSource=Search&listPageSource=26c210012e80dba21f0d0520542dedbf&list=CUSTOMDIGEST&rank=844&sessionScopeId=d6ac5fd5e62b12377c022c77403d2edbbb52ee3b908ca7602d7f52226be2a679&originationContext=Custom%20Digest&transitionType=CustomDigestItem&contextData=%28sc.CustomDigest%29#co_anchor_F11997205255,"US Patent 5,376,006.",[],"['bryson', 'clevenger', 'plager']",[]
"Kegel Co., Inc. v. AMF Bowling, Inc.",17-Sep-97,127 F.3d 1420,http://lps3.1.next.westlaw.com.libproxy.snu.ac.kr/Document/I2fb21ecf942a11d993e6d35cc61aab4a/View/FullText.html?navigationPath=Search%2Fv1%2Fresults%2Fnavigation%2Fi0ad74012000001633a93fa6dfd45887c%3FNav%3DCUSTOMDIGEST%26fragmentIdentifier%3DI2fb21ecf942a11d993e6d35cc61aab4a%26startIndex%3D2401%26contextData%3D%2528sc.CustomDigest%2529%26transitionType%3DCustomDigestItem&listSource=Search&listPageSource=3c26f8b014734e3e4189b86c9aa0c090&list=CUSTOMDIGEST&rank=2402&sessionScopeId=d6ac5fd5e62b12377c022c77403d2edbbb52ee3b908ca7602d7f52226be2a679&originationContext=Custom%20Digest&transitionType=CustomDigestItem&contextData=%28sc.CustomDigest%29#co_anchor_F181997191497,"US Patent 5,191,290.",[],"['bryson', 'schall', 'archer']",[]
"Estee Lauder Inc. v. L'Oreal, S.A.",03-Nov-97,129 F.3d 588,http://lps3.1.next.westlaw.com.libproxy.snu.ac.kr/Document/I25834ad7943111d9bdd1cfdd544ca3a4/View/FullText.html?navigationPath=Search%2Fv1%2Fresults%2Fnavigation%2Fi0ad74012000001633a935175fd458570%3FNav%3DCUSTOMDIGEST%26fragmentIdentifier%3DI25834ad7943111d9bdd1cfdd544ca3a4%26startIndex%3D1%26contextData%3D%2528sc.CustomDigest%2529%26transitionType%3DCustomDigestItem&listSource=Search&listPageSource=f54cfb0eaf40befc40706142baf39a97&list=CUSTOMDIGEST&rank=5&sessionScopeId=d6ac5fd5e62b12377c022c77403d2edbbb52ee3b908ca7602d7f52226be2a679&originationContext=Custom%20Digest&transitionType=CustomDigestItem&contextData=%28sc.CustomDigest%29#co_anchor_F41997222583,[],[],"['schall', 'mayer', 'rader']",[]
Thompson v. Thompson,05-Apr-01,13 Fed.Appx. 925,http://lps3.1.next.westlaw.com.libproxy.snu.ac.kr/Document/Ibcfadaca79ad11d99c4dbb2f0352441d/View/FullText.html?navigationPath=Search%2Fv1%2Fresults%2Fnavigation%2Fi0ad74012000001633a93fa6dfd45887c%3FNav%3DCUSTOMDIGEST%26fragmentIdentifier%3DIbcfadaca79ad11d99c4dbb2f0352441d%26startIndex%3D3001%26contextData%3D%2528sc.CustomDigest%2529%26transitionType%3DCustomDigestItem&listSource=Search&listPageSource=3c26f8b014734e3e4189b86c9aa0c090&list=CUSTOMDIGEST&rank=3092&sessionScopeId=d6ac5fd5e62b12377c022c77403d2edbbb52ee3b908ca7602d7f52226be2a679&originationContext=Custom%20Digest&transitionType=CustomDigestItem&contextData=%28sc.CustomDigest%29#co_anchor_F52001289324,[],[],"['bryson', 'mayer', 'lourie']",[]
"Fromson v. Anitec Printing Plates, Inc.",30-Dec-97,132 F.3d 1437,http://lps3.1.next.westlaw.com.libproxy.snu.ac.kr/Document/I84ab0bc8943511d9bdd1cfdd544ca3a4/View/FullText.html?navigationPath=Search%2Fv1%2Fresults%2Fnavigation%2Fi0ad74012000001633a93fa6dfd45887c%3FNav%3DCUSTOMDIGEST%26fragmentIdentifier%3DI84ab0bc8943511d9bdd1cfdd544ca3a4%26startIndex%3D3401%26contextData%3D%2528sc.CustomDigest%2529%26transitionType%3DCustomDigestItem&listSource=Search&listPageSource=3c26f8b014734e3e4189b86c9aa0c090&list=CUSTOMDIGEST&rank=3430&sessionScopeId=d6ac5fd5e62b12377c022c77403d2edbbb52ee3b908ca7602d7f52226be2a679&originationContext=Custom%20Digest&transitionType=CustomDigestItem&contextData=%28sc.CustomDigest%29#co_anchor_F131997252264,[],[],"['mayer', 'plager']",[]
"Janssen Pharmaceutica, N.V. v. Eon Labs Mfg., Inc.",13-Jun-05,134 Fed.Appx. 425,http://lps3.1.next.westlaw.com.libproxy.snu.ac.kr/Document/Id4db124ddc0e11d983e7e9deff98dc6f/View/FullText.html?navigationPath=Search%2Fv1%2Fresults%2Fnavigation%2Fi0ad74012000001633a8d0872fd456043%3FNav%3DCUSTOMDIGEST%26fragmentIdentifier%3DId4db124ddc0e11d983e7e9deff98dc6f%26startIndex%3D2101%26contextData%3D%2528sc.CustomDigest%2529%26transitionType%3DCustomDigestItem&listSource=Search&listPageSource=26c210012e80dba21f0d0520542dedbf&list=CUSTOMDIGEST&rank=2141&sessionScopeId=d6ac5fd5e62b12377c022c77403d2edbbb52ee3b908ca7602d7f52226be2a679&originationContext=Custom%20Digest&transitionType=CustomDigestItem&contextData=%28sc.CustomDigest%29#co_anchor_F32006792373,"US Patent 5,633,015.",[],"['schall', 'plager', 'archer']",[]
Kahn v. General Motors Corp.,03-Feb-98,135 F.3d 1472,http://lps3.1.next.westlaw.com.libproxy.snu.ac.kr/Document/I72a54cb5943a11d993e6d35cc61aab4a/View/FullText.html?navigationPath=Search%2Fv1%2Fresults%2Fnavigation%2Fi0ad74012000001633a9d6359fd45c6ee%3FNav%3DCUSTOMDIGEST%26fragmentIdentifier%3DI72a54cb5943a11d993e6d35cc61aab4a%26startIndex%3D401%26contextData%3D%2528sc.CustomDigest%2529%26transitionType%3DCustomDigestItem&listSource=Search&listPageSource=a8164462241e34f1d8140ef1d4d5ec51&list=CUSTOMDIGEST&rank=448&sessionScopeId=d6ac5fd5e62b12377c022c77403d2edbbb52ee3b908ca7602d7f52226be2a679&originationContext=Custom%20Digest&transitionType=CustomDigestItem&contextData=%28sc.CustomDigest%29#co_anchor_F61998044557,"US Patent 4,018,994.",[],"['newman', 'gajarsa', 'rader']",[]
Monarch Knitting Machinery Corp. v. Sulzer Morat GmbH,10-Mar-98,139 F.3d 877,http://lps3.1.next.westlaw.com.libproxy.snu.ac.kr/Document/I67dc6404943311d9bc61beebb95be672/View/FullText.html?navigationPath=Search%2Fv1%2Fresults%2Fnavigation%2Fi0ad74012000001633a93fa6dfd45887c%3FNav%3DCUSTOMDIGEST%26fragmentIdentifier%3DI67dc6404943311d9bc61beebb95be672%26startIndex%3D2701%26contextData%3D%2528sc.CustomDigest%2529%26transitionType%3DCustomDigestItem&listSource=Search&listPageSource=3c26f8b014734e3e4189b86c9aa0c090&list=CUSTOMDIGEST&rank=2727&sessionScopeId=d6ac5fd5e62b12377c022c77403d2edbbb52ee3b908ca7602d7f52226be2a679&originationContext=Custom%20Digest&transitionType=CustomDigestItem&contextData=%28sc.CustomDigest%29#co_anchor_F131998072513,[],[],"['mayer', 'rader']",[]
Izumi Products Co. v. Koninklijke Philips Electronics N.V.,07-Jul-05,140 Fed.Appx. 236,http://lps3.1.next.westlaw.com.libproxy.snu.ac.kr/Document/I067b8b35f22211d98ac8f235252e36df/View/FullText.html?navigationPath=Search%2Fv1%2Fresults%2Fnavigation%2Fi0ad74012000001633a8d0872fd456043%3FNav%3DCUSTOMDIGEST%26fragmentIdentifier%3DI067b8b35f22211d98ac8f235252e36df%26startIndex%3D701%26contextData%3D%2528sc.CustomDigest%2529%26transitionType%3DCustomDigestItem&listSource=Search&listPageSource=26c210012e80dba21f0d0520542dedbf&list=CUSTOMDIGEST&rank=798&sessionScopeId=d6ac5fd5e62b12377c022c77403d2edbbb52ee3b908ca7602d7f52226be2a679&originationContext=Custom%20Digest&transitionType=CustomDigestItem&contextData=%28sc.CustomDigest%29#co_anchor_F42006926603,[],[],"['newman', 'lourie', 'linn']",[]
"Continental Plastic Containers v. Owens Brockway Plastic Products, Inc.",31-Mar-98,141 F.3d 1073,http://lps3.1.next.westlaw.com.libproxy.snu.ac.kr/Document/I30113741944111d9bdd1cfdd544ca3a4/View/FullText.html?navigationPath=Search%2Fv1%2Fresults%2Fnavigation%2Fi0ad74012000001633a8d0872fd456043%3FNav%3DCUSTOMDIGEST%26fragmentIdentifier%3DI30113741944111d9bdd1cfdd544ca3a4%26startIndex%3D2001%26contextData%3D%2528sc.CustomDigest%2529%26transitionType%3DCustomDigestItem&listSource=Search&listPageSource=26c210012e80dba21f0d0520542dedbf&list=CUSTOMDIGEST&rank=2004&sessionScopeId=d6ac5fd5e62b12377c022c77403d2edbbb52ee3b908ca7602d7f52226be2a679&originationContext=Custom%20Digest&transitionType=CustomDigestItem&contextData=%28sc.CustomDigest%29#co_anchor_F41998080020,[],"US Patent D352,905.","['mayer', 'rich']",['newman']
"Chiuminatta Concrete Concepts, Inc. v. Cardinal Industries, Inc.",14-May-98,145 F.3d 1303,http://lps3.1.next.westlaw.com.libproxy.snu.ac.kr/Document/I05a3b03a944811d9bc61beebb95be672/View/FullText.html?navigationPath=Search%2Fv1%2Fresults%2Fnavigation%2Fi0ad74012000001633a9d6359fd45c6ee%3FNav%3DCUSTOMDIGEST%26fragmentIdentifier%3DI05a3b03a944811d9bc61beebb95be672%26startIndex%3D401%26contextData%3D%2528sc.CustomDigest%2529%26transitionType%3DCustomDigestItem&listSource=Search&listPageSource=a8164462241e34f1d8140ef1d4d5ec51&list=CUSTOMDIGEST&rank=447&sessionScopeId=d6ac5fd5e62b12377c022c77403d2edbbb52ee3b908ca7602d7f52226be2a679&originationContext=Custom%20Digest&transitionType=CustomDigestItem&contextData=%28sc.CustomDigest%29#co_anchor_F131998107037,"US Patent 4,889,675.",[],"['lourie', 'plager', 'michel']",[]
Rockwell Intern. Corp. v. U.S.,15-Jun-98,147 F.3d 1358,http://lps3.1.next.westlaw.com.libproxy.snu.ac.kr/Document/Ic6c4f3eb944911d9bdd1cfdd544ca3a4/View/FullText.html?navigationPath=Search%2Fv1%2Fresults%2Fnavigation%2Fi0ad74012000001633a93fa6dfd45887c%3FNav%3DCUSTOMDIGEST%26fragmentIdentifier%3DIc6c4f3eb944911d9bdd1cfdd544ca3a4%26startIndex%3D1401%26contextData%3D%2528sc.CustomDigest%2529%26transitionType%3DCustomDigestItem&listSource=Search&listPageSource=3c26f8b014734e3e4189b86c9aa0c090&list=CUSTOMDIGEST&rank=1425&sessionScopeId=d6ac5fd5e62b12377c022c77403d2edbbb52ee3b908ca7602d7f52226be2a679&originationContext=Custom%20Digest&transitionType=CustomDigestItem&contextData=%28sc.CustomDigest%29#co_anchor_F121998126772,[],[],"['newman', 'clevenger', 'michel']",[]
Applied Medical Resources Corp. v. U.S. Surgical Corp.,30-Jun-98,147 F.3d 1374,http://lps3.1.next.westlaw.com.libproxy.snu.ac.kr/Document/Ie8fd4dd0944111d9bdd1cfdd544ca3a4/View/FullText.html?navigationPath=Search%2Fv1%2Fresults%2Fnavigation%2Fi0ad74012000001633a8d0872fd456043%3FNav%3DCUSTOMDIGEST%26fragmentIdentifier%3DIe8fd4dd0944111d9bdd1cfdd544ca3a4%26startIndex%3D901%26contextData%3D%2528sc.CustomDigest%2529%26transitionType%3DCustomDigestItem&listSource=Search&listPageSource=26c210012e80dba21f0d0520542dedbf&list=CUSTOMDIGEST&rank=999&sessionScopeId=d6ac5fd5e62b12377c022c77403d2edbbb52ee3b908ca7602d7f52226be2a679&originationContext=Custom%20Digest&transitionType=CustomDigestItem&contextData=%28sc.CustomDigest%29#co_anchor_F71998136407,"US Patent 5,209,737, US Patent 5,308,336, US Patent 5,385,553.",[],"['schall', 'mayer', 'plager']",[]
"Mallinckrodt, Inc. v. Masimo Corp.",07-Sep-05,147 Fed.Appx. 158,http://lps3.1.next.westlaw.com.libproxy.snu.ac.kr/Document/I4504a36c1f4411da974abd26ac2a6030/View/FullText.html?navigationPath=Search%2Fv1%2Fresults%2Fnavigation%2Fi0ad74012000001633a9d6359fd45c6ee%3FNav%3DCUSTOMDIGEST%26fragmentIdentifier%3DI4504a36c1f4411da974abd26ac2a6030%26startIndex%3D401%26contextData%3D%2528sc.CustomDigest%2529%26transitionType%3DCustomDigestItem&listSource=Search&listPageSource=a8164462241e34f1d8140ef1d4d5ec51&list=CUSTOMDIGEST&rank=409&sessionScopeId=d6ac5fd5e62b12377c022c77403d2edbbb52ee3b908ca7602d7f52226be2a679&originationContext=Custom%20Digest&transitionType=CustomDigestItem&contextData=%28sc.CustomDigest%29#co_anchor_F92007245748,"US Patent 6,157,850, US Patent 6,263,222.",[],"['lourie', 'prost', 'michel']",[]
"Engineered Products Co. v. Donaldson Co., Inc.",31-Aug-05,147 Fed.Appx. 979,http://lps3.1.next.westlaw.com.libproxy.snu.ac.kr/Document/I9a5b58b21a2911daaea49302b5f61a35/View/FullText.html?navigationPath=Search%2Fv1%2Fresults%2Fnavigation%2Fi0ad74012000001633a9d6359fd45c6ee%3FNav%3DCUSTOMDIGEST%26fragmentIdentifier%3DI9a5b58b21a2911daaea49302b5f61a35%26startIndex%3D601%26contextData%3D%2528sc.CustomDigest%2529%26transitionType%3DCustomDigestItem&listSource=Search&listPageSource=a8164462241e34f1d8140ef1d4d5ec51&list=CUSTOMDIGEST&rank=687&sessionScopeId=d6ac5fd5e62b12377c022c77403d2edbbb52ee3b908ca7602d7f52226be2a679&originationContext=Custom%20Digest&transitionType=CustomDigestItem&contextData=%28sc.CustomDigest%29#co_anchor_F42007219695,[],[],"['newman', 'schall', 'archer']",[]
"Woodland Trust v. Flowertree Nursery, Inc.",10-Jul-98,148 F.3d 1368,http://lps3.1.next.westlaw.com.libproxy.snu.ac.kr/Document/Ib816cbac944b11d9bc61beebb95be672/View/FullText.html?navigationPath=Search%2Fv1%2Fresults%2Fnavigation%2Fi0ad74012000001633a8d0872fd456043%3FNav%3DCUSTOMDIGEST%26fragmentIdentifier%3DIb816cbac944b11d9bc61beebb95be672%26startIndex%3D1401%26contextData%3D%2528sc.CustomDigest%2529%26transitionType%3DCustomDigestItem&listSource=Search&listPageSource=26c210012e80dba21f0d0520542dedbf&list=CUSTOMDIGEST&rank=1455&sessionScopeId=d6ac5fd5e62b12377c022c77403d2edbbb52ee3b908ca7602d7f52226be2a679&originationContext=Custom%20Digest&transitionType=CustomDigestItem&contextData=%28sc.CustomDigest%29#co_anchor_F31998143940,"US Patent 4,763,440.",[],"['newman', 'clevenger', 'michel']",[]
"Baxter Intern., Inc. v. McGaw, Inc.",30-Jun-98,149 F.3d 1321,http://lps3.1.next.westlaw.com.libproxy.snu.ac.kr/Document/I4658cb72944c11d9a707f4371c9c34f0/View/FullText.html?navigationPath=Search%2Fv1%2Fresults%2Fnavigation%2Fi0ad74012000001633a8d0872fd456043%3FNav%3DCUSTOMDIGEST%26fragmentIdentifier%3DI4658cb72944c11d9a707f4371c9c34f0%26startIndex%3D1%26contextData%3D%2528sc.CustomDigest%2529%26transitionType%3DCustomDigestItem&listSource=Search&listPageSource=26c210012e80dba21f0d0520542dedbf&list=CUSTOMDIGEST&rank=89&sessionScopeId=d6ac5fd5e62b12377c022c77403d2edbbb52ee3b908ca7602d7f52226be2a679&originationContext=Custom%20Digest&transitionType=CustomDigestItem&contextData=%28sc.CustomDigest%29#co_anchor_F101998154138,[],"US Patent 5,158,554.","['gajarsa', 'plager', 'rader']",[]
"State Street Bank & Trust Co. v. Signature Financial Group, Inc",23-Jul-98,149 F.3d 1368,http://lps3.1.next.westlaw.com.libproxy.snu.ac.kr/Document/I4f2cbec0944f11d9bc61beebb95be672/View/FullText.html?navigationPath=Search%2Fv1%2Fresults%2Fnavigation%2Fi0ad74012000001633a8aa173fd455d22%3FNav%3DCUSTOMDIGEST%26fragmentIdentifier%3DI4f2cbec0944f11d9bc61beebb95be672%26startIndex%3D501%26contextData%3D%2528sc.CustomDigest%2529%26transitionType%3DCustomDigestItem&listSource=Search&listPageSource=4f7270277591521aff0baebbe1a29e8e&list=CUSTOMDIGEST&rank=570&sessionScopeId=d6ac5fd5e62b12377c022c77403d2edbbb52ee3b908ca7602d7f52226be2a679&originationContext=Custom%20Digest&transitionType=CustomDigestItem&contextData=%28sc.CustomDigest%29#co_anchor_F81998154385,[],[],"['bryson', 'plager', 'rich']",[]
"Carroll Touch, Inc. v. Electro Mechanical Systems, Inc.",24-Aug-93,15 F.3d 1573,http://lps3.1.next.westlaw.com.libproxy.snu.ac.kr/Document/I4d6cfcd8970111d9bdd1cfdd544ca3a4/View/FullText.html?navigationPath=Search%2Fv1%2Fresults%2Fnavigation%2Fi0ad74012000001633a89ff08fd4559d7%3FNav%3DCUSTOMDIGEST%26fragmentIdentifier%3DI4d6cfcd8970111d9bdd1cfdd544ca3a4%26startIndex%3D1%26contextData%3D%2528sc.CustomDigest%2529%26transitionType%3DCustomDigestItem&listSource=Search&listPageSource=af19e994433e70ed7d5cc2a23e73764b&list=CUSTOMDIGEST&rank=63&sessionScopeId=d6ac5fd5e62b12377c022c77403d2edbbb52ee3b908ca7602d7f52226be2a679&originationContext=Custom%20Digest&transitionType=CustomDigestItem&contextData=%28sc.CustomDigest%29#co_anchor_F121994043498,[],[],"['nies', 'lourie', 'rich']",[]
"Newell Window Furnishings, Inc. v. Springs Window Fashions Division, Inc.",02-Jul-01,15 Fed.Appx. 836,http://lps3.1.next.westlaw.com.libproxy.snu.ac.kr/Document/I075b2f2279b811d9bf29e2067ad74e5b/View/FullText.html?navigationPath=Search%2Fv1%2Fresults%2Fnavigation%2Fi0ad74012000001633a93fa6dfd45887c%3FNav%3DCUSTOMDIGEST%26fragmentIdentifier%3DI075b2f2279b811d9bf29e2067ad74e5b%26startIndex%3D2501%26contextData%3D%2528sc.CustomDigest%2529%26transitionType%3DCustomDigestItem&listSource=Search&listPageSource=3c26f8b014734e3e4189b86c9aa0c090&list=CUSTOMDIGEST&rank=2510&sessionScopeId=d6ac5fd5e62b12377c022c77403d2edbbb52ee3b908ca7602d7f52226be2a679&originationContext=Custom%20Digest&transitionType=CustomDigestItem&contextData=%28sc.CustomDigest%29#co_anchor_F32001556337,[],[],"['schall', 'gajarsa', 'michel']",[]
Quantachrome Corp. v. Micromeritics Instrument Corp.,03-Jul-01,15 Fed.Appx. 848,http://lps3.1.next.westlaw.com.libproxy.snu.ac.kr/Document/I06da184979b811d9bf29e2067ad74e5b/View/FullText.html?navigationPath=Search%2Fv1%2Fresults%2Fnavigation%2Fi0ad74012000001633a93fa6dfd45887c%3FNav%3DCUSTOMDIGEST%26fragmentIdentifier%3DI06da184979b811d9bf29e2067ad74e5b%26startIndex%3D2401%26contextData%3D%2528sc.CustomDigest%2529%26transitionType%3DCustomDigestItem&listSource=Search&listPageSource=3c26f8b014734e3e4189b86c9aa0c090&list=CUSTOMDIGEST&rank=2432&sessionScopeId=d6ac5fd5e62b12377c022c77403d2edbbb52ee3b908ca7602d7f52226be2a679&originationContext=Custom%20Digest&transitionType=CustomDigestItem&contextData=%28sc.CustomDigest%29#co_anchor_F12001570453,[],[],"['bryson', 'michel', 'rader']",[]
"Celeritas Technologies, Ltd. v. Rockwell Intern. Corp.",20-Jul-98,150 F.3d 1354,http://lps3.1.next.westlaw.com.libproxy.snu.ac.kr/Document/I4f380968944f11d9bc61beebb95be672/View/FullText.html?navigationPath=Search%2Fv1%2Fresults%2Fnavigation%2Fi0ad74012000001633a8d0872fd456043%3FNav%3DCUSTOMDIGEST%26fragmentIdentifier%3DI4f380968944f11d9bc61beebb95be672%26startIndex%3D1301%26contextData%3D%2528sc.CustomDigest%2529%26transitionType%3DCustomDigestItem&listSource=Search&listPageSource=26c210012e80dba21f0d0520542dedbf&list=CUSTOMDIGEST&rank=1358&sessionScopeId=d6ac5fd5e62b12377c022c77403d2edbbb52ee3b908ca7602d7f52226be2a679&originationContext=Custom%20Digest&transitionType=CustomDigestItem&contextData=%28sc.CustomDigest%29#co_anchor_F101998151585,[],"US Patent 5,386,590.","['mayer', 'lourie', 'michel']",[]
"Mentor Graphics Corp. v. Quickturn Design Systems, Inc.",05-Aug-98,150 F.3d 1374,http://lps3.1.next.westlaw.com.libproxy.snu.ac.kr/Document/Ic970442d945111d9bc61beebb95be672/View/FullText.html?navigationPath=Search%2Fv1%2Fresults%2Fnavigation%2Fi0ad74012000001633a89ff08fd4559d7%3FNav%3DCUSTOMDIGEST%26fragmentIdentifier%3DIc970442d945111d9bc61beebb95be672%26startIndex%3D1%26contextData%3D%2528sc.CustomDigest%2529%26transitionType%3DCustomDigestItem&listSource=Search&listPageSource=af19e994433e70ed7d5cc2a23e73764b&list=CUSTOMDIGEST&rank=60&sessionScopeId=d6ac5fd5e62b12377c022c77403d2edbbb52ee3b908ca7602d7f52226be2a679&originationContext=Custom%20Digest&transitionType=CustomDigestItem&contextData=%28sc.CustomDigest%29#co_anchor_F131998164361,[],[],"['bryson', 'mayer', 'rader']",[]
"Johns Hopkins University v. CellPro, Inc.",11-Aug-98,152 F.3d 1342,http://lps3.1.next.westlaw.com.libproxy.snu.ac.kr/Document/I3a78e7d0910011d98e8fb00d6c6a02dd/View/FullText.html?navigationPath=Search%2Fv1%2Fresults%2Fnavigation%2Fi0ad74012000001633a93fa6dfd45887c%3FNav%3DCUSTOMDIGEST%26fragmentIdentifier%3DI3a78e7d0910011d98e8fb00d6c6a02dd%26startIndex%3D1%26contextData%3D%2528sc.CustomDigest%2529%26transitionType%3DCustomDigestItem&listSource=Search&listPageSource=3c26f8b014734e3e4189b86c9aa0c090&list=CUSTOMDIGEST&rank=36&sessionScopeId=d6ac5fd5e62b12377c022c77403d2edbbb52ee3b908ca7602d7f52226be2a679&originationContext=Custom%20Digest&transitionType=CustomDigestItem&contextData=%28sc.CustomDigest%29#co_anchor_F141998168213,[],[],"['schall', 'lourie', 'smith']",[]
"Hunter Douglas, Inc. v. Harmonic Design, Inc.",18-Aug-98,153 F.3d 1318,http://lps3.1.next.westlaw.com.libproxy.snu.ac.kr/Document/I3a6dc442910011d98e8fb00d6c6a02dd/View/FullText.html?navigationPath=Search%2Fv1%2Fresults%2Fnavigation%2Fi0ad74012000001633a9d6359fd45c6ee%3FNav%3DCUSTOMDIGEST%26fragmentIdentifier%3DI3a6dc442910011d98e8fb00d6c6a02dd%26startIndex%3D1%26contextData%3D%2528sc.CustomDigest%2529%26transitionType%3DCustomDigestItem&listSource=Search&listPageSource=a8164462241e34f1d8140ef1d4d5ec51&list=CUSTOMDIGEST&rank=1&sessionScopeId=d6ac5fd5e62b12377c022c77403d2edbbb52ee3b908ca7602d7f52226be2a679&originationContext=Custom%20Digest&transitionType=CustomDigestItem&contextData=%28sc.CustomDigest%29#co_anchor_F181998172929,[],[],"['bryson', 'gajarsa', 'clevenger']",[]
"Dane Industries, Inc. v. Ameritek Industries, LLC",26-Oct-05,154 Fed.Appx. 894,http://lps3.1.next.westlaw.com.libproxy.snu.ac.kr/Document/If7339223462411daaea49302b5f61a35/View/FullText.html?navigationPath=Search%2Fv1%2Fresults%2Fnavigation%2Fi0ad74012000001633a89ff08fd4559d7%3FNav%3DCUSTOMDIGEST%26fragmentIdentifier%3DIf7339223462411daaea49302b5f61a35%26startIndex%3D1%26contextData%3D%2528sc.CustomDigest%2529%26transitionType%3DCustomDigestItem&listSource=Search&listPageSource=af19e994433e70ed7d5cc2a23e73764b&list=CUSTOMDIGEST&rank=40&sessionScopeId=d6ac5fd5e62b12377c022c77403d2edbbb52ee3b908ca7602d7f52226be2a679&originationContext=Custom%20Digest&transitionType=CustomDigestItem&contextData=%28sc.CustomDigest%29#co_anchor_F42007567187,[],[],"['schall', 'rader', 'archer']",[]
"Fisher-Price, Inc. v. Graco Children's Products, Inc.",04-Nov-05,154 Fed.Appx. 903,http://lps3.1.next.westlaw.com.libproxy.snu.ac.kr/Document/I4c2ca5014d6911da9bcc85e7f8e2f4cd/View/FullText.html?navigationPath=Search%2Fv1%2Fresults%2Fnavigation%2Fi0ad74012000001633a9d6359fd45c6ee%3FNav%3DCUSTOMDIGEST%26fragmentIdentifier%3DI4c2ca5014d6911da9bcc85e7f8e2f4cd%26startIndex%3D401%26contextData%3D%2528sc.CustomDigest%2529%26transitionType%3DCustomDigestItem&listSource=Search&listPageSource=a8164462241e34f1d8140ef1d4d5ec51&list=CUSTOMDIGEST&rank=407&sessionScopeId=d6ac5fd5e62b12377c022c77403d2edbbb52ee3b908ca7602d7f52226be2a679&originationContext=Custom%20Digest&transitionType=CustomDigestItem&contextData=%28sc.CustomDigest%29#co_anchor_F42007630935,"US Patent 6,520,862.",[],"['schall', 'mayer', 'linn']",[]
"Mas-Hamilton Group v. LaGard, Inc.",10-Sep-98,156 F.3d 1206,http://lps3.1.next.westlaw.com.libproxy.snu.ac.kr/Document/Ib19777ec946211d9bc61beebb95be672/View/FullText.html?navigationPath=Search%2Fv1%2Fresults%2Fnavigation%2Fi0ad74012000001633a8d0872fd456043%3FNav%3DCUSTOMDIGEST%26fragmentIdentifier%3DIb19777ec946211d9bc61beebb95be672%26startIndex%3D2001%26contextData%3D%2528sc.CustomDigest%2529%26transitionType%3DCustomDigestItem&listSource=Search&listPageSource=26c210012e80dba21f0d0520542dedbf&list=CUSTOMDIGEST&rank=2003&sessionScopeId=d6ac5fd5e62b12377c022c77403d2edbbb52ee3b908ca7602d7f52226be2a679&originationContext=Custom%20Digest&transitionType=CustomDigestItem&contextData=%28sc.CustomDigest%29#co_anchor_F191998191489,"US Patent 5,307,656.",[],"['gajarsa', 'plager', 'michel']",[]
PPG Industries v. Guardian Industries Corp.,01-Oct-98,156 F.3d 1351,http://lps3.1.next.westlaw.com.libproxy.snu.ac.kr/Document/I3623a02d947111d9a707f4371c9c34f0/View/FullText.html?navigationPath=Search%2Fv1%2Fresults%2Fnavigation%2Fi0ad74012000001633a9d6359fd45c6ee%3FNav%3DCUSTOMDIGEST%26fragmentIdentifier%3DI3623a02d947111d9a707f4371c9c34f0%26startIndex%3D201%26contextData%3D%2528sc.CustomDigest%2529%26transitionType%3DCustomDigestItem&listSource=Search&listPageSource=a8164462241e34f1d8140ef1d4d5ec51&list=CUSTOMDIGEST&rank=263&sessionScopeId=d6ac5fd5e62b12377c022c77403d2edbbb52ee3b908ca7602d7f52226be2a679&originationContext=Custom%20Digest&transitionType=CustomDigestItem&contextData=%28sc.CustomDigest%29#co_anchor_F31998203683,[],[],"['bryson', 'plager']",['michel']
"Unidynamics Corp. v. Automatic Products Intern., Ltd.",18-Sep-98,157 F.3d 1311,http://lps3.1.next.westlaw.com.libproxy.snu.ac.kr/Document/I36438435947111d9a707f4371c9c34f0/View/FullText.html?navigationPath=Search%2Fv1%2Fresults%2Fnavigation%2Fi0ad74012000001633a9d6359fd45c6ee%3FNav%3DCUSTOMDIGEST%26fragmentIdentifier%3DI36438435947111d9a707f4371c9c34f0%26startIndex%3D501%26contextData%3D%2528sc.CustomDigest%2529%26transitionType%3DCustomDigestItem&listSource=Search&listPageSource=a8164462241e34f1d8140ef1d4d5ec51&list=CUSTOMDIGEST&rank=510&sessionScopeId=d6ac5fd5e62b12377c022c77403d2edbbb52ee3b908ca7602d7f52226be2a679&originationContext=Custom%20Digest&transitionType=CustomDigestItem&contextData=%28sc.CustomDigest%29#co_anchor_F71998194412,[],[],"['schall', 'michel', 'rich']",[]
"C.R. Bard, Inc. v. M3 Systems, Inc.",30-Sep-98,157 F.3d 1340,http://lps3.1.next.westlaw.com.libproxy.snu.ac.kr/Document/I926c35f8947511d9a707f4371c9c34f0/View/FullText.html?navigationPath=Search%2Fv1%2Fresults%2Fnavigation%2Fi0ad74012000001633a93fa6dfd45887c%3FNav%3DCUSTOMDIGEST%26fragmentIdentifier%3DI926c35f8947511d9a707f4371c9c34f0%26startIndex%3D3401%26contextData%3D%2528sc.CustomDigest%2529%26transitionType%3DCustomDigestItem&listSource=Search&listPageSource=3c26f8b014734e3e4189b86c9aa0c090&list=CUSTOMDIGEST&rank=3427&sessionScopeId=d6ac5fd5e62b12377c022c77403d2edbbb52ee3b908ca7602d7f52226be2a679&originationContext=Custom%20Digest&transitionType=CustomDigestItem&contextData=%28sc.CustomDigest%29#co_anchor_F111998210012,"US Patent 4,944,308.","US Patent RE34,056.","['newman', 'mayer', 'bryson']",[]
"ATD Corp. v. Lydall, Inc.",06-Oct-98,159 F.3d 534,http://lps3.1.next.westlaw.com.libproxy.snu.ac.kr/Document/I928710f3947511d9a707f4371c9c34f0/View/FullText.html?navigationPath=Search%2Fv1%2Fresults%2Fnavigation%2Fi0ad74012000001633a93fa6dfd45887c%3FNav%3DCUSTOMDIGEST%26fragmentIdentifier%3DI928710f3947511d9a707f4371c9c34f0%26startIndex%3D3401%26contextData%3D%2528sc.CustomDigest%2529%26transitionType%3DCustomDigestItem&listSource=Search&listPageSource=3c26f8b014734e3e4189b86c9aa0c090&list=CUSTOMDIGEST&rank=3425&sessionScopeId=d6ac5fd5e62b12377c022c77403d2edbbb52ee3b908ca7602d7f52226be2a679&originationContext=Custom%20Digest&transitionType=CustomDigestItem&contextData=%28sc.CustomDigest%29#co_anchor_F141998205787,"US Patent 5,011,743, US Patent 5,111,577.",[],"['newman', 'clevenger', 'rich']",[]
"Personalized Media Communications, LLC v. International Trade Com'n",24-Nov-98,161 F.3d 696,http://lps3.1.next.westlaw.com.libproxy.snu.ac.kr/Document/Ic0c7547e947a11d9bc61beebb95be672/View/FullText.html?navigationPath=Search%2Fv1%2Fresults%2Fnavigation%2Fi0ad74012000001633a9d6359fd45c6ee%3FNav%3DCUSTOMDIGEST%26fragmentIdentifier%3DIc0c7547e947a11d9bc61beebb95be672%26startIndex%3D401%26contextData%3D%2528sc.CustomDigest%2529%26transitionType%3DCustomDigestItem&listSource=Search&listPageSource=a8164462241e34f1d8140ef1d4d5ec51&list=CUSTOMDIGEST&rank=446&sessionScopeId=d6ac5fd5e62b12377c022c77403d2edbbb52ee3b908ca7602d7f52226be2a679&originationContext=Custom%20Digest&transitionType=CustomDigestItem&contextData=%28sc.CustomDigest%29#co_anchor_F91998239545,"US Patent 5,335,227.",[],"['lourie', 'michel', 'rich']",[]
Key Pharmaceuticals v. Hercon Laboratories Corp.,25-Nov-98,161 F.3d 709,http://lps3.1.next.westlaw.com.libproxy.snu.ac.kr/Document/I09bbbdc5947a11d9bdd1cfdd544ca3a4/View/FullText.html?navigationPath=Search%2Fv1%2Fresults%2Fnavigation%2Fi0ad74012000001633a93fa6dfd45887c%3FNav%3DCUSTOMDIGEST%26fragmentIdentifier%3DI09bbbdc5947a11d9bdd1cfdd544ca3a4%26startIndex%3D3401%26contextData%3D%2528sc.CustomDigest%2529%26transitionType%3DCustomDigestItem&listSource=Search&listPageSource=3c26f8b014734e3e4189b86c9aa0c090&list=CUSTOMDIGEST&rank=3423&sessionScopeId=d6ac5fd5e62b12377c022c77403d2edbbb52ee3b908ca7602d7f52226be2a679&originationContext=Custom%20Digest&transitionType=CustomDigestItem&contextData=%28sc.CustomDigest%29#co_anchor_F21998239540,"US Patent 5,186,938.",[],"['clevenger', 'mayer', 'plager']",[]
"Grayzel v. St. Jude Medical, Inc.",23-Dec-05,162 Fed.Appx. 954,http://lps3.1.next.westlaw.com.libproxy.snu.ac.kr/Document/I0270b03f778b11da8ccab4c14e983401/View/FullText.html?navigationPath=Search%2Fv1%2Fresults%2Fnavigation%2Fi0ad74012000001633a8d0872fd456043%3FNav%3DCUSTOMDIGEST%26fragmentIdentifier%3DI0270b03f778b11da8ccab4c14e983401%26startIndex%3D1301%26contextData%3D%2528sc.CustomDigest%2529%26transitionType%3DCustomDigestItem&listSource=Search&listPageSource=26c210012e80dba21f0d0520542dedbf&list=CUSTOMDIGEST&rank=1346&sessionScopeId=d6ac5fd5e62b12377c022c77403d2edbbb52ee3b908ca7602d7f52226be2a679&originationContext=Custom%20Digest&transitionType=CustomDigestItem&contextData=%28sc.CustomDigest%29#co_anchor_F42007959347,[],"US Patent 4,850,960.","['schall', 'gajarsa', 'michel']",[]
"Weatherchem Corp. v. J.L. Clark, Inc.",07-Dec-98,163 F.3d 1326,http://lps3.1.next.westlaw.com.libproxy.snu.ac.kr/Document/I5d4b7779947d11d9bdd1cfdd544ca3a4/View/FullText.html?navigationPath=Search%2Fv1%2Fresults%2Fnavigation%2Fi0ad74012000001633a93fa6dfd45887c%3FNav%3DCUSTOMDIGEST%26fragmentIdentifier%3DI5d4b7779947d11d9bdd1cfdd544ca3a4%26startIndex%3D1801%26contextData%3D%2528sc.CustomDigest%2529%26transitionType%3DCustomDigestItem&listSource=Search&listPageSource=3c26f8b014734e3e4189b86c9aa0c090&list=CUSTOMDIGEST&rank=1879&sessionScopeId=d6ac5fd5e62b12377c022c77403d2edbbb52ee3b908ca7602d7f52226be2a679&originationContext=Custom%20Digest&transitionType=CustomDigestItem&contextData=%28sc.CustomDigest%29#co_anchor_F61998248792,[],"US Patent 4,693,399, US Patent 4,936,494.","['mayer', 'michel', 'rader']",[]
"National Recovery Technologies, Inc. v. Magnetic Separation Systems, Inc.",04-Feb-99,166 F.3d 1190,http://lps3.1.next.westlaw.com.libproxy.snu.ac.kr/Document/I099c75f4947a11d9bdd1cfdd544ca3a4/View/FullText.html?navigationPath=Search%2Fv1%2Fresults%2Fnavigation%2Fi0ad74012000001633a93fa6dfd45887c%3FNav%3DCUSTOMDIGEST%26fragmentIdentifier%3DI099c75f4947a11d9bdd1cfdd544ca3a4%26startIndex%3D1301%26contextData%3D%2528sc.CustomDigest%2529%26transitionType%3DCustomDigestItem&listSource=Search&listPageSource=3c26f8b014734e3e4189b86c9aa0c090&list=CUSTOMDIGEST&rank=1383&sessionScopeId=d6ac5fd5e62b12377c022c77403d2edbbb52ee3b908ca7602d7f52226be2a679&originationContext=Custom%20Digest&transitionType=CustomDigestItem&contextData=%28sc.CustomDigest%29#co_anchor_F111999047064,[],"US Patent 5,260,576.","['schall', 'gajarsa', 'rader']",[]
"Infiltrator Systems, Inc. v. Cultec, Inc.",21-Mar-06,171 Fed.Appx. 847,http://lps3.1.next.westlaw.com.libproxy.snu.ac.kr/Document/Ic3df7444b94e11da97faf3f66e4b6844/View/FullText.html?navigationPath=Search%2Fv1%2Fresults%2Fnavigation%2Fi0ad74012000001633a8d0872fd456043%3FNav%3DCUSTOMDIGEST%26fragmentIdentifier%3DIc3df7444b94e11da97faf3f66e4b6844%26startIndex%3D1901%26contextData%3D%2528sc.CustomDigest%2529%26transitionType%3DCustomDigestItem&listSource=Search&listPageSource=26c210012e80dba21f0d0520542dedbf&list=CUSTOMDIGEST&rank=1957&sessionScopeId=d6ac5fd5e62b12377c022c77403d2edbbb52ee3b908ca7602d7f52226be2a679&originationContext=Custom%20Digest&transitionType=CustomDigestItem&contextData=%28sc.CustomDigest%29#co_anchor_F22008730836,[],[],"['bryson', 'dyk', 'michel']",[]
"AT&T Corp. v. Excel Communications, Inc.",14-Apr-99,172 F.3d 1352,http://lps3.1.next.westlaw.com.libproxy.snu.ac.kr/Document/I21a7dc73949411d993e6d35cc61aab4a/View/FullText.html?navigationPath=Search%2Fv1%2Fresults%2Fnavigation%2Fi0ad74012000001633a8aa173fd455d22%3FNav%3DCUSTOMDIGEST%26fragmentIdentifier%3DI21a7dc73949411d993e6d35cc61aab4a%26startIndex%3D601%26contextData%3D%2528sc.CustomDigest%2529%26transitionType%3DCustomDigestItem&listSource=Search&listPageSource=4f7270277591521aff0baebbe1a29e8e&list=CUSTOMDIGEST&rank=623&sessionScopeId=d6ac5fd5e62b12377c022c77403d2edbbb52ee3b908ca7602d7f52226be2a679&originationContext=Custom%20Digest&transitionType=CustomDigestItem&contextData=%28sc.CustomDigest%29#co_anchor_F11999101875,[],[],"['clevenger', 'plager', 'rader']",[]
"Al-Site Corp. v. VSI Intern., Inc.",30-Mar-99,174 F.3d 1308,http://lps3.1.next.westlaw.com.libproxy.snu.ac.kr/Document/I21af7d8a949411d993e6d35cc61aab4a/View/FullText.html?navigationPath=Search%2Fv1%2Fresults%2Fnavigation%2Fi0ad74012000001633a93fa6dfd45887c%3FNav%3DCUSTOMDIGEST%26fragmentIdentifier%3DI21af7d8a949411d993e6d35cc61aab4a%26startIndex%3D3401%26contextData%3D%2528sc.CustomDigest%2529%26transitionType%3DCustomDigestItem&listSource=Search&listPageSource=3c26f8b014734e3e4189b86c9aa0c090&list=CUSTOMDIGEST&rank=3422&sessionScopeId=d6ac5fd5e62b12377c022c77403d2edbbb52ee3b908ca7602d7f52226be2a679&originationContext=Custom%20Digest&transitionType=CustomDigestItem&contextData=%28sc.CustomDigest%29#co_anchor_F181999099086,"US Patent 4,976,532, US Patent 5,144,345, US Patent 5,260,726, US Patent 5,521,911.",[],"['mayer', 'rader', 'rich']",[]
"Athletic Alternatives, Inc. v. Benetton Trading USA, Inc.",31-Mar-06,174 Fed.Appx. 571,http://lps3.1.next.westlaw.com.libproxy.snu.ac.kr/Document/Iae661ff4c56811da8d25f4b404a4756a/View/FullText.html?navigationPath=Search%2Fv1%2Fresults%2Fnavigation%2Fi0ad74012000001633a9d6359fd45c6ee%3FNav%3DCUSTOMDIGEST%26fragmentIdentifier%3DIae661ff4c56811da8d25f4b404a4756a%26startIndex%3D401%26contextData%3D%2528sc.CustomDigest%2529%26transitionType%3DCustomDigestItem&listSource=Search&listPageSource=a8164462241e34f1d8140ef1d4d5ec51&list=CUSTOMDIGEST&rank=401&sessionScopeId=d6ac5fd5e62b12377c022c77403d2edbbb52ee3b908ca7602d7f52226be2a679&originationContext=Custom%20Digest&transitionType=CustomDigestItem&contextData=%28sc.CustomDigest%29#co_anchor_F42008850349,[],[],"['bryson', 'mayer', 'michel']",[]
"Johnson Worldwide Associates, Inc. v. Zebco Corp.",27-Apr-99,175 F.3d 985,http://lps3.1.next.westlaw.com.libproxy.snu.ac.kr/Document/I6da0af47949711d993e6d35cc61aab4a/View/FullText.html?navigationPath=Search%2Fv1%2Fresults%2Fnavigation%2Fi0ad74012000001633a8d0872fd456043%3FNav%3DCUSTOMDIGEST%26fragmentIdentifier%3DI6da0af47949711d993e6d35cc61aab4a%26startIndex%3D1901%26contextData%3D%2528sc.CustomDigest%2529%26transitionType%3DCustomDigestItem&listSource=Search&listPageSource=26c210012e80dba21f0d0520542dedbf&list=CUSTOMDIGEST&rank=2000&sessionScopeId=d6ac5fd5e62b12377c022c77403d2edbbb52ee3b908ca7602d7f52226be2a679&originationContext=Custom%20Digest&transitionType=CustomDigestItem&contextData=%28sc.CustomDigest%29#co_anchor_F121999110456,[],[],"['clevenger', 'mayer', 'gajarsa']",[]
